CREATE DATABASE QLGV
GO

USE QLGV
GO

CREATE TABLE GIAOVIEN
(
	MAGV char(10),
	HOTEN nvarchar(50),
	LUONG float,
	PHAI nvarchar(10),
	NGAYSINH date,
	DIACHI nvarchar(150),
	GVQLCM	char(10),
	MABM char(10),

	CONSTRAINT PK_GIAOVIEN PRIMARY KEY (MAGV)
)

CREATE TABLE GV_DT
(
	MAGV char(10),
	DIENTHOAI varchar(15),

	CONSTRAINT PK_GV_DT PRIMARY KEY (MAGV, DIENTHOAI)
)

CREATE TABLE BOMON
(
	MABM char(10),
	TENBM nvarchar(50),
	PHONG nvarchar(20),
	DIENTHOAI varchar(15),
	TRUONGBM char(10),
	MAKHOA char(10),
	NGAYNHANCHUC date,

	CONSTRAINT PK_BOMON PRIMARY KEY (MABM)
)

CREATE TABLE KHOA
(
    MAKHOA char(10),
    TENKHOA nvarchar(50),
    NAMTL int,
    PHONG nvarchar(20),
    DIENTHOAI varchar(15),
    TRUONGKHOA char(10),
    NGAYNHANCHUC date

	CONSTRAINT PK_KHOA PRIMARY KEY (MAKHOA)
)

CREATE TABLE DETAI
(
	MADT char(10),
	TENDT nvarchar(50),
	KINHPHI float,
	CAPQL nvarchar(20),
	NGAYBD date,
	NGAYKT date,
	MACD char(10),
	GVCNDT char(10),

	CONSTRAINT PK_DETAI PRIMARY KEY (MADT)
)

CREATE TABLE CHUDE
(
	MACD char(10),
	TENCD nvarchar(50),

	CONSTRAINT PK_CHUDE PRIMARY KEY (MACD)
)

CREATE TABLE CONGVIEC
(
	MADT char(10),
	STT int,
	TENCV nvarchar(50),
	NGAYBD date,
	NGAYKT date,

	CONSTRAINT PK_CONGVIEC PRIMARY KEY (MADT, STT)
)

CREATE TABLE THAMGIADT
(
	MAGV char(10),
	MADT char(10),
	STT int,
	PHUCAP float,
	KETQUA nvarchar(15),

	CONSTRAINT PK_THAMGIADT PRIMARY KEY (MAGV, MADT, STT)
)

CREATE TABLE NGUOI_THAN
(
	MAGV char(10),
	TEN nvarchar(50),
	NGSINH date,
	PHAI nvarchar(10),

	CONSTRAINT PK_NGUOI_THAN PRIMARY KEY (MAGV, TEN)
)

--GIAOVIEN
ALTER TABLE GIAOVIEN
ADD CONSTRAINT FK_GIAOVIEN_GIAOVIEN
FOREIGN KEY (GVQLCM)
REFERENCES GIAOVIEN(MAGV)

ALTER TABLE GIAOVIEN
ADD CONSTRAINT FK_GIAOVIEN_BOMON
FOREIGN KEY (MABM)
REFERENCES BOMON(MABM)

--GV_DT
ALTER TABLE GV_DT
ADD CONSTRAINT FK_GV_DT
FOREIGN KEY (MAGV)
REFERENCES GIAOVIEN(MAGV)

--BOMON
ALTER TABLE BOMON
ADD CONSTRAINT FK_BOMON_KHOA
FOREIGN KEY (MAKHOA)
REFERENCES KHOA(MAKHOA)

ALTER TABLE BOMON
ADD CONSTRAINT FK_BOMON_GIAOVIEN
FOREIGN KEY (TRUONGBM)
REFERENCES GIAOVIEN(MAGV)

--KHOA
ALTER TABLE KHOA
ADD CONSTRAINT FK_KHOA
FOREIGN KEY (TRUONGKHOA)
REFERENCES GIAOVIEN(MAGV)

--DETAI
ALTER TABLE DETAI
ADD CONSTRAINT DETAI_GIAOVIEN
FOREIGN KEY (GVCNDT)
REFERENCES GIAOVIEN(MAGV)

ALTER TABLE DETAI
ADD CONSTRAINT FK_DETAI_CHUDE
FOREIGN KEY (MACD)
REFERENCES CHUDE(MACD)

--CONGVIEC
ALTER TABLE CONGVIEC
ADD CONSTRAINT FK_CONGVIEC
FOREIGN KEY (MADT)
REFERENCES DETAI(MADT)

--THAMGIADT
ALTER TABLE THAMGIADT
ADD CONSTRAINT FK_THAMGIADT_CONGVIEC
FOREIGN KEY (MADT, STT)
REFERENCES CONGVIEC(MADT, STT)

ALTER TABLE THAMGIADT
ADD CONSTRAINT FK_THAMGIADT_GIAOVIEN
FOREIGN KEY (MAGV)
REFERENCES GIAOVIEN(MAGV)

--NGUOI_THAN
ALTER TABLE NGUOI_THAN
ADD CONSTRAINT FK_NGUOI_THAN
FOREIGN KEY (MAGV)
REFERENCES GIAOVIEN(MAGV)

INSERT INTO CHUDE
(
    MACD, TENCD
)
VALUES
(
    'NCPT', N'Nghiên cứu phát triển'
),
(
    'QLGD', N'Quản lý giáo dục' 
),
(
    'UDCN', N'Ứng dụng công nghệ'
)

INSERT INTO GIAOVIEN
(
    MAGV, HOTEN, LUONG, PHAI, NGAYSINH, DIACHI, GVQLCM, MABM
)
VALUES
(
    --chú ý lương
    '001', N'Nguyễn Hoài An', 2000.0, N'Nam', '1973-02-15', N'25/3 Lạc Long Quân, Q.10, TP HCM', NULL, NULL
),
(
    '002', N'Trần Trà Hương', 2500.0, N'Nữ', '1960-06-20', N'125 Trần Hưng Đạo, Q.1, TP HCM', NULL, NULL 
),
(
    '003', N'Nguyễn Ngọc Ánh', 2200.0, N'Nữ', '1975-05-11', N'12/21 Võ Văn Ngân Thủ Đức, TP HCM', '002', NULL
),
(
    '004', N'Trương Nam Sơn', 2300.0, N'Nam', '1959-06-20', N'215 Lý Thường Kiệt, TP Biên Hoà', NULL, NULL
),
(
    '005', N'Lý Hoàng Hà', 2500.0, N'Nam', '1954-10-23', N'25/3 Lạc Long Quân, Q.10, TP HCM', NULL, NULL
),
(
	'006',N'Trần Bạch Tuyết',1500.0,N'Nữ','1980-05-20',N'127 Hùng Vương, TP Mỹ Tho','004', NULL
),
(
	'007',N'Nguyễn An Trung',2100.0,N'Nam','1976-06-05',N'234 3/2, TP Biên Hòa', NULL, NULL
),
(
	'008',N'Trần Trung Hiếu',1800.0,N'Nam','1977-08-06',N'22/11 Lý Thường Kiệt,TP Mỹ Tho','007', NULL
),
(
	'009',N'Trần Hoàng nam',2000.0,N'Nam','1975-11-22',N'234 Trấn Não,An Phú, TP HCM','001', NULL
),
(
	'010',N'Phạm Nam Thanh',1500.0,N'Nam','1980-12-12',N'221 Hùng Vương,Q.5, TP HCM','007', NULL
)

INSERT INTO DETAI
(
	MADT, TENDT, CAPQL, KINHPHI, NGAYBD, NGAYKT, MACD, GVCNDT
)
VALUES
(
	'001',N'HTTT quản lý các trường ĐH',N'ĐHQG',20.0,'2007-10-20','2008-10-20','QLGD','002'
),
(
	'002',N'HTTT quản lý giáo vụ cho một Khoa',N'Trường',20.0,'2000-10-12','2001-10-12','QLGD','002'
),
(
	'003',N'Nghiên cứu chế tạo sợi Nanô Platin',N'ĐHQG',300.0,'2008-05-15','2010-05-15','NCPT','005'
),
(
	'004',N'Tạo vật liệu sinh học bằng màng ối người',N'Nhà nước',100.0,'2007-01-01','2009-12-31','NCPT','004'
),
(
	'005',N'Ứng dụng hóa học xanh',N'Trường',200.0,'2003-10-10','2004-12-10','UDCN','007'
),
(
	'006',N'Nghiên cứu tế bào gốc',N'Nhà nước',4000.0,'2006-10-12','2009-10-12','NCPT','004'
),
(
	'007',N'HTTT quản lý thư viện ở các trường ĐH',N'Trường',20.0,'2009-05-10','2010-05-10','QLGD','001'
)

INSERT INTO CONGVIEC
(
	MADT, STT, TENCV, NGAYBD, NGAYKT
)
VALUES
(
	'001',1,N'Khởi tạo và Lập kế hoạch','2007-10-20','2008-12-20'
),
(
	'001',2,N'Xác định yêu cầu','2008-12-21','2008-03-21'
),
(
	'001',3,N'Phân tích hệ thống','2008-03-22','2008-05-22'
),
(
	'001',4,N'Thiết kế hệ thống','2008-05-23','2008-06-23'
),
(
	'001',5,N'Cài đặt thử nghiệm','2008-06-24','2008-10-20'
),
(
	'002',1,N'Khởi tạo và lập kế hoạch','2009-05-10','2009-07-10'
),
(
	'002',2,N'Xác định yêu cầu','2009-07-11','2009-10-11'
),
(
	'002',3,N'Phân tích hệ thống','2009-10-12','2009-12-20'
),
(
	'002',4,N'Thiết kế hệ thống','2009-12-21','2010-03-22'
),
(
	'002',5,N'Cài đặt thử nghiệm','2010-03-23','2010-05-10'
),
(
	'006',1,N'Lấy mẫu','2006-10-20','2007-02-20'
),
(
	'006',2,N'Nuôi cấy','2007-02-21','2008-09-21'
)

INSERT INTO THAMGIADT
(
	MAGV, MADT, STT, PHUCAP, KETQUA
)
VALUES
(
	'001','002',1,0.0,NULL
),
(
	'001','002',2,2.0,NULL
),
(
	'002','001',4,2.0,N'Đạt'
),
(
	'003','001',1,1.0,N'Đạt'
),
(
	'003','001',2,0.0,N'Đạt'
),
(
	'003','001',4,1.0,N'Đạt'
),
(
	'003','002',2,0.0, NULL
),
(
	'004','006',1,0.0,N'Đạt'
),
(
	'004','006',2,1.0,N'Đạt'
),
(
	'006','006',2,1.5,N'Đạt'
),
(
	'009','002',3,0.5, NULL
),
(
	'009','002',4,1.5, NULL
)

INSERT INTO KHOA
(
	MAKHOA, TENKHOA, NAMTL, PHONG, DIENTHOAI, TRUONGKHOA, NGAYNHANCHUC
)
VALUES
(
	'CNTT',N'Công nghệ thông tin',1995,N'B11','0838123456','002','2005-02-20'
),
(
	'HH',N'Hóa học',1980,N'B41','0838456456','007','2001-10-15'
),
(
	'SH',N'Sinh học',1980,N'B31','0838454545','004','2000-10-11'
),
(
	'VL',N'Vật lý',1976,N'B21','0838223223','005','2003-09-18'
)

INSERT INTO BOMON
(
	MABM, TENBM, PHONG, DIENTHOAI, TRUONGBM, MAKHOA, NGAYNHANCHUC
)
VALUES
(
	'CNTT',N'Công nghệ tri thức',N'B15','0838126126',NULL,'CNTT',NULL
),
(
	'HHC',N'Hóa hữu cơ',N'B44','0838222222',NULL,'HH',NULL
),
(
	'HL',N'Hóa Lý',N'B42','0838878787',NULL,'HH',NULL
),
(
	'HPT',N'Hóa phân tích',N'B43','0838777777','007','HH','2007-10-15'
),
(
	'HTTT',N'Hệ thống thông tin',N'B13','0838125125','002','CNTT','2004-09-20'
),
(
	'MMT',N'Mạng máy tính',N'B16','0838676767','001','CNTT','2005-05-15'
),
(
	'SH',N'Sinh hóa',N'B33','0838898989',NULL,'SH',NULL
),
(
	'VLĐT',N'Vật lý điện tử',N'B23','0838234234',NULL,'VL',NULL
),
(
	'VLUD',N'Vật lý ứng dụng',N'B24','0838454545','005','VL','2006-02-18'
),
(
	N'VS',N'Vi Sinh',N'B32','0838909090','004','SH','2007-01-01'
)

INSERT INTO GV_DT
(
	MAGV, DIENTHOAI
)
VALUES
(
	'001','0838912112'
),
(
	'001','0903123123'
),
(
	'002','0913454545'
),
(
	'003','0838121212'
),
(
	'003','0903656565'
),
(
	'003','0937125125'
),
(
	'006','0937888888'
),
(
	'008','0653717171'
),
(
	'008','0913232323'
)

INSERT INTO NGUOI_THAN
(
	MAGV, TEN, NGSINH, PHAI
)
VALUES
(
	'001',N'Hùng','1990-01-14',N'Nam'
),
(
	'001',N'Thủy','1994-12-08',N'Nữ'
),
(
	'003',N'Hà','1998-09-03',N'Nữ'
),
(
	'003',N'Thu','1998-09-03',N'Nữ'
),
(
	'007',N'Mai','2003-03-26',N'Nữ'
),
(
	'007',N'Vy','2000-02-14',N'Nữ'
),
(
	'008',N'Nam','1991-05-06',N'Nam'
),
(
	'009',N'An','1996-08-19',N'Nam'
),
(
	'010',N'Nguyệt','2006-01-14',N'Nữ'
)

UPDATE GIAOVIEN
SET MABM = 'MMT'
WHERE (MAGV = '001')
UPDATE GIAOVIEN
SET MABM = 'HTTT'
WHERE (MAGV = '002')
UPDATE GIAOVIEN
SET MABM = 'HTTT'
WHERE (MAGV = '003')
UPDATE GIAOVIEN
SET MABM = 'VS'
WHERE (MAGV = '004')
UPDATE GIAOVIEN
SET MABM = N'VLĐT'
WHERE (MAGV = '005')
UPDATE GIAOVIEN
SET MABM = 'VS'
WHERE (MAGV = '006')
UPDATE GIAOVIEN
SET MABM = 'HPT'
WHERE (MAGV = '007')
UPDATE GIAOVIEN
SET MABM = 'HPT'
WHERE (MAGV = '008')
UPDATE GIAOVIEN
SET MABM = 'MMT'
WHERE (MAGV = '009')
UPDATE GIAOVIEN
SET MABM = 'HPT'
WHERE (MAGV = '010')



